Benchmark,Prompt_ID,FRANC NDCG@k,Original NDCG@k
aiXcoder_prompt_gpt3.5_512_10.jsonl,178,0.595390241,0.480433595
aiXcoder_prompt_gpt3.5_512_10.jsonl,172,0.879490063,0.755044429
aiXcoder_prompt_gpt3.5_512_10.jsonl,162,0.879490063,0.841732365
aiXcoder_prompt_gpt3.5_512_10.jsonl,119,0.198619153,0.140843624
aiXcoder_prompt_gpt3.5_512_10.jsonl,115,0.479691326,0.334766089
aiXcoder_prompt_gpt3.5_512_10.jsonl,107,0.840381012,0.786290096
aiXcoder_prompt_gpt3.5_512_10.jsonl,106,0.587084352,0.411551434
aiXcoder_prompt_gpt3.5_512_10.jsonl,103,0.333333333,0.333333333
aiXcoder_prompt_gpt3.5_512_10.jsonl,94,0.460208843,0.413382867
aiXcoder_prompt_gpt3.5_512_10.jsonl,90,0.460208843,0.360654487
aiXcoder_prompt_gpt3.5_512_10.jsonl,79,0.746104897,0.565611682
aiXcoder_prompt_gpt3.5_512_10.jsonl,68,0.69146259,0.636982502
aiXcoder_prompt_gpt3.5_512_10.jsonl,52,0.921781899,0.898368911
aiXcoder_prompt_gpt3.5_512_10.jsonl,41,0.69146259,0.565240535
aiXcoder_prompt_gpt3.5_512_10.jsonl,38,0.667133885,0.547694647
aiXcoder_prompt_gpt3.5_512_10.jsonl,34,0.460208843,0.387975641
aiXcoder_prompt_gpt3.5_512_10.jsonl,23,0.73057164,0.539062006
aiXcoder_prompt_gpt3.5_512_10.jsonl,22,0.294224283,0.270711582
aiXcoder_prompt_gpt3.5_512_10.jsonl,12,0.860393396,0.64278646
aiXcoder_prompt_codegen-350M-multi_128_10.jsonl,171,0.262056908,0.232922631
aiXcoder_prompt_codegen-350M-multi_128_10.jsonl,168,0.063437755,0.024541073
aiXcoder_prompt_codegen-350M-multi_128_10.jsonl,148,0.420651294,0.177120093
aiXcoder_prompt_codegen-350M-multi_128_10.jsonl,144,0.417381657,0.335251618
aiXcoder_prompt_codegen-350M-multi_128_10.jsonl,125,0.126875509,0.090758908
aiXcoder_prompt_codegen-350M-multi_128_10.jsonl,118,0.559740859,0.505199357
aiXcoder_prompt_codegen-350M-multi_128_10.jsonl,73,0.428957184,0.166196929
aiXcoder_prompt_codegen-350M-multi_128_10.jsonl,56,0.519716092,0.370301137
aiXcoder_prompt_codegen-350M-multi_128_10.jsonl,24,0.392840583,0.191060983
aiXcoder_prompt_codegen-350M-multi_128_10.jsonl,18,0.063437755,0.021145918
aiXcoder_prompt_codegen-350M-multi_128_10.jsonl,10,0.063437755,0.019096667
aiXcoder_prompt_codegen-2B-multi_128_10.jsonl,176,0.591459737,0.539809879
aiXcoder_prompt_codegen-2B-multi_128_10.jsonl,156,0.544705664,0.489365458
aiXcoder_prompt_codegen-2B-multi_128_10.jsonl,148,0.583153847,0.301332125
aiXcoder_prompt_codegen-2B-multi_128_10.jsonl,118,0.635016074,0.585366996
aiXcoder_prompt_codegen-2B-multi_128_10.jsonl,115,0.479691326,0.265494389
aiXcoder_prompt_codegen-2B-multi_128_10.jsonl,114,0.253751018,0.084611155
aiXcoder_prompt_codegen-2B-multi_128_10.jsonl,94,0.352815816,0.234464015
aiXcoder_prompt_codegen-2B-multi_128_10.jsonl,78,0.608143418,0.491324086
aiXcoder_prompt_codegen-2B-multi_128_10.jsonl,76,0.352815816,0.154595597
aiXcoder_prompt_codegen-2B-multi_128_10.jsonl,72,0.253751018,0.145401216
aiXcoder_prompt_codegen-2B-multi_128_10.jsonl,62,0.126875509,0.04363774
aiXcoder_prompt_codegen-2B-multi_128_10.jsonl,58,0.647719687,0.580914565
aiXcoder_prompt_codegen-2B-multi_128_10.jsonl,41,0.325494663,0.198836972
aiXcoder_prompt_codegen-2B-multi_128_10.jsonl,32,0.293775785,0.122559189
aiXcoder_prompt_codegen-2B-multi_128_10.jsonl,16,0.468981951,0.411957912
aiXcoder_prompt_codegen-2B-multi_128_10.jsonl,15,0.225940307,0.141674166
aiXcoder_prompt_codegen-2B-multi_128_10.jsonl,10,0.253751018,0.117753616
aiXcoder_prompt_codegen-2B-multi_128_10.jsonl,8,0.60769492,0.455102629
aiXcoder_prompt_PolyCoder-2.7B_128_10.jsonl,144,0.293775785,0.158104829
aiXcoder_prompt_PolyCoder-2.7B_128_10.jsonl,85,0.190313264,0.083450138
aiXcoder_prompt_PolyCoder-2.7B_128_10.jsonl,81,0.325494663,0.255827752
aiXcoder_prompt_PolyCoder-2.7B_128_10.jsonl,48,0.734016359,0.686538583
aiXcoder_prompt_PolyCoder-2.7B_128_10.jsonl,41,0.190313264,0.108631723
aiXcoder_prompt_PolyCoder-2.7B_128_10.jsonl,40,0.230338031,0.099000285
aiXcoder_prompt_PolyCoder-2.7B_128_10.jsonl,14,0.262056908,0.144620823
aiXcoder_prompt_PolyCoder-2.7B_128_10.jsonl,1,0.325494663,0.129454661
aiXcoder_prompt_PolyCoder-2.7B_128_10.jsonl,0,0.262056908,0.195890314
aiXcoder_prompt_PolyCoder-160M_128_10.jsonl,126,0.293775785,0.123412069
aiXcoder_prompt_PolyCoder-160M_128_10.jsonl,79,0.190313264,0.104590607
aiXcoder_prompt_PolyCoder-160M_128_10.jsonl,60,0.063437755,0.024541073
aiXcoder_prompt_PolyCoder-160M_128_10.jsonl,55,0.293775785,0.099364019
aiXcoder_prompt_PolyCoder-160M_128_10.jsonl,52,0.253751018,0.217634418
aiXcoder_prompt_PolyCoder-0.4B_128_10.jsonl,122,0.253751018,0.113682339
aiXcoder_prompt_PolyCoder-0.4B_128_10.jsonl,113,0.190313264,0.062734407
aiXcoder_prompt_PolyCoder-0.4B_128_10.jsonl,99,0.452370172,0.175043617
aiXcoder_prompt_PolyCoder-0.4B_128_10.jsonl,62,0.063437755,0.021145918
aiXcoder_prompt_PolyCoder-0.4B_128_10.jsonl,46,0.449100534,0.382389676
aiXcoder_prompt_PolyCoder-0.4B_128_10.jsonl,12,0.420651294,0.179767787
aiXcoder_prompt_PolyCoder-0.4B_128_10.jsonl,10,0.063437755,0.027321154
aiXcoder_prompt_PolyCoder-0.4B_128_10.jsonl,6,0.468981951,0.351545866
SOEvalPython_codeparrot_128_10.jsonl,9961563,0.476421688,0.414285723
SOEvalPython_codeparrot-small_128_10.jsonl,6473679,0.608460949,0.564020149
SOEvalPython_codegen-350M-multi_128_10.jsonl,209840,0.711007754,0.708958503
SOEvalPython_codegen-350M-mono_128_10.jsonl,39922986,0.614318654,0.43671068
SOEvalPython_codegen-2B-multi_128_10.jsonl,4020539,0.567302648,0.536396002
SOEvalPython_codegen-2B-mono_128_10.jsonl,1912434,0.333333333,0.333333333
SOEvalPython_PolyCoder-2.7B_128_10.jsonl,47152691,0.555278623,0.476846426
SOEvalPython_PolyCoder-2.7B_128_10.jsonl,466345,0.464584227,0.252873968
SOEvalPython_PolyCoder-160M_128_10.jsonl,38987,0.523559745,0.406740413
SOEvalPython_PolyCoder-0.4B_128_10.jsonl,72899,0.523559745,0.481590889
SOEvalJava_codegen-350M-multi_128_10.jsonl,5621338,0.487997215,0.431477272
SOEvalJava_codegen-2B-multi_128_10.jsonl,326390,0.262056908,0.175342581
SOEvalJava_codegen-2B-multi_128_10.jsonl,153724,0.456278338,0.333737716
SOEvalJava_PolyCoder-2.7B_128_10.jsonl,409784,0.608460949,0.598487853
SOEvalJava_PolyCoder-160M_128_10.jsonl,409784,0.449100534,0.311240445
SOEvalJava_PolyCoder-0.4B_128_10.jsonl,160970,0.562456426,0.406261753
HumanEval_python_gpt3.5_512_10.jsonl,HumanEval/160,0.711474973,0.620082269
HumanEval_python_codeparrot_128_10.jsonl,HumanEval/81,0.608460949,0.518645239
HumanEval_python_codegen-350M-multi_128_10.jsonl,HumanEval/162,0.563671364,0.542525446
HumanEval_python_codegen-350M-multi_128_10.jsonl,HumanEval/11,0.64757,0.639345513
HumanEval_python_codegen-350M-mono_128_10.jsonl,HumanEval/59,0.523559745,0.41249091
HumanEval_python_codegen-350M-mono_128_10.jsonl,HumanEval/55,0.709792817,0.564886302
HumanEval_python_codegen-350M-mono_128_10.jsonl,HumanEval/162,0.587084352,0.500233609
HumanEval_python_codegen-350M-mono_128_10.jsonl,HumanEval/107,0.476421688,0.346893599
HumanEval_python_codegen-2B-multi_128_10.jsonl,HumanEval/91,0.608460949,0.56660475
HumanEval_python_codegen-2B-multi_128_10.jsonl,HumanEval/65,0.587315031,0.520694491
HumanEval_python_codegen-2B-multi_128_10.jsonl,HumanEval/29,0.961806666,0.959975233
HumanEval_python_codegen-2B-multi_128_10.jsonl,HumanEval/162,0.711474973,0.562039357
HumanEval_python_codegen-2B-mono_128_10.jsonl,HumanEval/46,0.648703534,0.608673319
HumanEval_python_codegen-2B-mono_128_10.jsonl,HumanEval/31,0.822907132,0.717482211
HumanEval_python_codegen-2B-mono_128_10.jsonl,HumanEval/28,0.961806666,0.913965261
HumanEval_python_codegen-2B-mono_128_10.jsonl,HumanEval/12,0.878144159,0.791161029
HumanEval_python_codegen-2B-mono_128_10.jsonl,HumanEval/100,0.608460949,0.523179378
HumanEval_python_codegen-2B-mono_128_10.jsonl,HumanEval/0,0.722627396,0.581439017
HumanEval_python_PolyCoder-2.7B_128_10.jsonl,HumanEval/4,0.608460949,0.594987536
HumanEval_python_PolyCoder-2.7B_128_10.jsonl,HumanEval/24,0.64757,0.642125593
HumanEval_python_PolyCoder-2.7B_128_10.jsonl,HumanEval/2,0.523559745,0.418808964
HumanEval_python_PolyCoder-2.7B_128_10.jsonl,HumanEval/0,0.567302648,0.48158544
HumanEval_python_PolyCoder-160M_128_10.jsonl,HumanEval/77,0.567302648,0.393818981
HumanEval_python_PolyCoder-160M_128_10.jsonl,HumanEval/51,0.567302648,0.546818007
HumanEval_python_PolyCoder-160M_128_10.jsonl,HumanEval/161,0.293775785,0.13139875
HumanEval_python_PolyCoder-160M_128_10.jsonl,HumanEval/131,0.608460949,0.518645239
HumanEval_python_PolyCoder-160M_128_10.jsonl,HumanEval/113,0.608460949,0.598487853
HumanEval_python_PolyCoder-0.4B_128_10.jsonl,HumanEval/91,0.523559745,0.452515677
HumanEval_python_PolyCoder-0.4B_128_10.jsonl,HumanEval/8,0.614636185,0.509074848
HumanEval_python_PolyCoder-0.4B_128_10.jsonl,HumanEval/4,0.424559461,0.369781829
HumanEval_java_incoder-1B_128_10.jsonl,HumanEval_java/26,0.063437755,0.063437755
HumanEval_java_incoder-1B_128_10.jsonl,HumanEval_java/25,0.063437755,0.063437755
HumanEval_java_incoder-1B_128_10.jsonl,HumanEval_java/132,0.063437755,0.021145918
HumanEval_java_gpt3.5_512_10.jsonl,HumanEval_java/89,0.746317267,0.728566504
HumanEval_java_gpt3.5_512_10.jsonl,HumanEval_java/49,0.961806666,0.6266419
HumanEval_java_gpt3.5_512_10.jsonl,HumanEval_java/48,0.921781899,0.824042344
HumanEval_java_gpt3.5_512_10.jsonl,HumanEval_java/44,0.961806666,0.811735987
HumanEval_java_gpt3.5_512_10.jsonl,HumanEval_java/143,0.724958979,0.497385244
HumanEval_java_gpt3.5_512_10.jsonl,HumanEval_java/124,0.921781899,0.746248982
HumanEval_java_gpt3.5_512_10.jsonl,HumanEval_java/110,0.689780433,0.612173636
HumanEval_java_gpt3.5_512_10.jsonl,HumanEval_java/108,0.063437755,0.027321154
HumanEval_java_codegen-350M-multi_128_10.jsonl,HumanEval_java/84,0.293775785,0.118994358
HumanEval_java_codegen-350M-multi_128_10.jsonl,HumanEval_java/80,0.063437755,0.063437755
HumanEval_java_codegen-350M-multi_128_10.jsonl,HumanEval_java/64,0.293775785,0.129131681
HumanEval_java_codegen-350M-multi_128_10.jsonl,HumanEval_java/60,0.428957184,0.286920962
HumanEval_java_codegen-350M-multi_128_10.jsonl,HumanEval_java/155,0.424559461,0.249851942
HumanEval_java_codegen-350M-multi_128_10.jsonl,HumanEval_java/145,0.063437755,0.022596984
HumanEval_java_codegen-350M-multi_128_10.jsonl,HumanEval_java/138,0.352815816,0.264967955
HumanEval_java_codegen-350M-multi_128_10.jsonl,HumanEval_java/122,0.325494663,0.234246197
HumanEval_java_codegen-2B-multi_128_10.jsonl,HumanEval_java/96,0.190313264,0.062621751
HumanEval_java_codegen-2B-multi_128_10.jsonl,HumanEval_java/57,0.499018672,0.472630124
HumanEval_java_codegen-2B-multi_128_10.jsonl,HumanEval_java/48,0.724958979,0.69340123
HumanEval_java_codegen-2B-multi_128_10.jsonl,HumanEval_java/28,0.606878917,0.511886183
HumanEval_java_codegen-2B-multi_128_10.jsonl,HumanEval_java/24,0.190313264,0.076912846
HumanEval_java_codegen-2B-multi_128_10.jsonl,HumanEval_java/163,0.399953874,0.333338782
HumanEval_java_codegen-2B-multi_128_10.jsonl,HumanEval_java/157,0.417381657,0.297004363
HumanEval_java_codegen-2B-multi_128_10.jsonl,HumanEval_java/154,0.293775785,0.189609917
HumanEval_java_codegen-2B-multi_128_10.jsonl,HumanEval_java/131,0.471697518,0.330346027
HumanEval_java_codegen-2B-multi_128_10.jsonl,HumanEval_java/104,0.063437755,0.022596984
HumanEval_java_PolyCoder-2.7B_128_10.jsonl,HumanEval_java/39,0.190313264,0.146887893
HumanEval_java_PolyCoder-160M_128_10.jsonl,HumanEval_java/31,0.190313264,0.107370688
HumanEval_java_PolyCoder-160M_128_10.jsonl,HumanEval_java/3,0.063437755,0.024541073
HumanEval_java_PolyCoder-160M_128_10.jsonl,HumanEval_java/157,0.325494663,0.207678211
HumanEval_java_PolyCoder-160M_128_10.jsonl,HumanEval_java/137,0.063437755,0.022596984
HumanEval_java_PolyCoder-0.4B_128_10.jsonl,HumanEval_java/76,0.293775785,0.111386367
HumanEval_java_PolyCoder-0.4B_128_10.jsonl,HumanEval_java/117,0.063437755,0.031718877
CoderEval4Python_prompt_gpt3.5_512_10.jsonl,6306298b52e177c0ba469fdc,0.293775785,0.106454971
CoderEval4Python_prompt_gpt3.5_512_10.jsonl,62e4fbda85ea986430890405,0.314236666,0.312187415
CoderEval4Python_prompt_gpt3.5_512_10.jsonl,62b87d23d292efb640a55668,0.702361995,0.513660229
CoderEval4Python_prompt_codeparrot_128_10.jsonl,630629e152e177c0ba46a0d2,0.464584227,0.397520227
CoderEval4Python_prompt_codeparrot_128_10.jsonl,62e60f43d76274f8a4026e28,0.567302648,0.483154612
CoderEval4Python_prompt_codeparrot_128_10.jsonl,62b463153879012d19481498,0.539859442,0.443438309
CoderEval4Python_prompt_codeparrot_128_10.jsonl,62b45e145108cfac7f210a09,0.365519429,0.166019759
CoderEval4Python_prompt_codeparrot-small_128_10.jsonl,62e60e3bd76274f8a4026d1a,0.679202025,0.641490531
CoderEval4Python_prompt_codeparrot-small_128_10.jsonl,62e4fbda85ea986430890403,0.428957184,0.316055238
CoderEval4Python_prompt_codeparrot-small_128_10.jsonl,62b8b3d6eb7e40a82d2d111c,0.365519429,0.238261876
CoderEval4Python_prompt_codeparrot-small_128_10.jsonl,62b463153879012d1948149f,0.424559461,0.403535594
CoderEval4Python_prompt_codegen-350M-multi_128_10.jsonl,630629b952e177c0ba46a043,0.608460949,0.608850488
CoderEval4Python_prompt_codegen-350M-multi_128_10.jsonl,6306292a52e177c0ba469f41,0.711007754,0.639345513
CoderEval4Python_prompt_codegen-350M-multi_128_10.jsonl,62e60ed4d76274f8a4026da0,0.961806666,0.935709365
CoderEval4Python_prompt_codegen-350M-multi_128_10.jsonl,62b463163879012d194814a6,0.721499311,0.583598573
CoderEval4Python_prompt_codegen-350M-multi_128_10.jsonl,62b45e2eb89c9fd354170232,0.606411698,0.56207061
CoderEval4Python_prompt_codegen-350M-multi_128_10.jsonl,62b45e165108cfac7f210a17,0.428957184,0.261887233
CoderEval4Python_prompt_codegen-350M-mono_128_10.jsonl,6306298b52e177c0ba469fdc,0.672709258,0.408922308
CoderEval4Python_prompt_codegen-350M-mono_128_10.jsonl,62e60723d76274f8a4026b75,0.679288877,0.653963054
CoderEval4Python_prompt_codegen-350M-mono_128_10.jsonl,62b8b4c1eb7e40a82d2d1139,0.528021982,0.300449668
CoderEval4Python_prompt_codegen-350M-mono_128_10.jsonl,62b463163879012d194814a6,0.43286535,0.258486629
CoderEval4Python_prompt_codegen-2B-multi_128_10.jsonl,6306299052e177c0ba469fe8,0.756930874,0.698896877
CoderEval4Python_prompt_codegen-2B-multi_128_10.jsonl,6306091d73426c38ae68ace5,0.555278623,0.419393877
CoderEval4Python_prompt_codegen-2B-multi_128_10.jsonl,6306091073426c38ae68acac,0.731020138,0.753299591
CoderEval4Python_prompt_codegen-2B-multi_128_10.jsonl,62b8d24048ba5a41d1c3f49f,0.365519429,0.200526212
CoderEval4Python_prompt_codegen-2B-multi_128_10.jsonl,62b87d23d292efb640a55667,0.897240826,0.788540818
CoderEval4Python_prompt_codegen-2B-mono_128_10.jsonl,630629e252e177c0ba46a0d6,0.614440705,0.517411992
CoderEval4Python_prompt_codegen-2B-mono_128_10.jsonl,62b8d23e48ba5a41d1c3f49e,0.639731329,0.517465913
CoderEval4Python_prompt_codegen-2B-mono_128_10.jsonl,62b87b4f9a0c4fa8b80b3581,0.476421688,0.380235263
CoderEval4Python_prompt_codegen-2B-mono_128_10.jsonl,62b45e2eb89c9fd354170232,0.5869975,0.448097966
CoderEval4Python_prompt_codegen-2B-mono_128_10.jsonl,62b45df05108cfac7f2109ce,0.543767608,0.492479959
CoderEval4Python_prompt_PolyCoder-2.7B_128_10.jsonl,6306092e73426c38ae68ad0a,0.555278623,0.479196319
CoderEval4Python_prompt_PolyCoder-2.7B_128_10.jsonl,62e6087bd76274f8a4026bfa,0.567302648,0.554462619
CoderEval4Python_prompt_PolyCoder-2.7B_128_10.jsonl,62e4fc3c85ea98643089041e,0.428957184,0.252935015
CoderEval4Python_prompt_PolyCoder-2.7B_128_10.jsonl,62b87d24d292efb640a55670,0.668715918,0.669251267
CoderEval4Python_prompt_PolyCoder-2.7B_128_10.jsonl,62b463153879012d1948149c,0.5869975,0.468112027
CoderEval4Python_prompt_PolyCoder-2.7B_128_10.jsonl,62b45e515108cfac7f210a3c,0.476421688,0.447782112
CoderEval4Python_prompt_PolyCoder-160M_128_10.jsonl,630629b952e177c0ba46a043,0.523559745,0.450664256
CoderEval4Python_prompt_PolyCoder-160M_128_10.jsonl,6306092e73426c38ae68ad11,0.653337386,0.627603819
CoderEval4Python_prompt_PolyCoder-160M_128_10.jsonl,62b8d22948ba5a41d1c3f47c,0.608460949,0.599320746
CoderEval4Python_prompt_PolyCoder-160M_128_10.jsonl,62b45e21e0d4551b0392c8ed,0.424559461,0.386923815
CoderEval4Python_prompt_PolyCoder-0.4B_128_10.jsonl,6306292652e177c0ba469f34,0.677756408,0.587976309
CoderEval4Python_prompt_PolyCoder-0.4B_128_10.jsonl,6306092e73426c38ae68ad09,0.672709258,0.519699049
CoderEval4Python_prompt_PolyCoder-0.4B_128_10.jsonl,62ece4982e6aefcf4aabbd60,0.567302648,0.450684244
CoderEval4Python_prompt_PolyCoder-0.4B_128_10.jsonl,62b8d23748ba5a41d1c3f496,0.567302648,0.454572422
CoderEval4Python_prompt_PolyCoder-0.4B_128_10.jsonl,62b86729b4d922cb0e688c2f,0.654147941,0.548586605
CoderEval4Python_prompt_PolyCoder-0.4B_128_10.jsonl,62b463163879012d194814a4,0.523559745,0.417014151
CoderEval4Python_prompt_PolyCoder-0.4B_128_10.jsonl,62b463153879012d194814a1,0.5869975,0.455833458
CoderEval4Java_prompt_incoder-1B_128_10.jsonl,636766fe1a6d9265ec017833,0.325494663,0.272629867
CoderEval4Java_prompt_gpt3.5_512_10.jsonl,636767a61a6d9265ec0185b7,0.702361995,0.619663347
CoderEval4Java_prompt_gpt3.5_512_10.jsonl,636767821a6d9265ec0183ab,0.532419705,0.380239034
CoderEval4Java_prompt_gpt3.5_512_10.jsonl,636767691a6d9265ec0181a6,0.902685232,0.746248982
CoderEval4Java_prompt_gpt3.5_512_10.jsonl,636767551a6d9265ec017f3f,0.815199428,0.704455618
CoderEval4Java_prompt_gpt3.5_512_10.jsonl,636767431a6d9265ec017c8d,0.961806666,0.919950466
CoderEval4Java_prompt_gpt3.5_512_10.jsonl,636767151a6d9265ec017b6b,0.921781899,0.921781899
CoderEval4Java_prompt_gpt3.5_512_10.jsonl,6367670c1a6d9265ec017a35,0.815199428,0.754881623
CoderEval4Java_prompt_gpt3.5_512_10.jsonl,636767041a6d9265ec01790f,0.961806666,0.873124491
CoderEval4Java_prompt_gpt3.5_512_10.jsonl,636766fa1a6d9265ec01779c,0.294224283,0.250798912
CoderEval4Java_prompt_gpt3.5_512_10.jsonl,636766821a6d9265ec0174b3,0.519716092,0.273577012
CoderEval4Java_prompt_codegen-350M-multi_128_10.jsonl,636767dc1a6d9265ec0186be,0.253751018,0.212910248
CoderEval4Java_prompt_codegen-350M-multi_128_10.jsonl,636767ab1a6d9265ec018676,0.428957184,0.400638911
CoderEval4Java_prompt_codegen-350M-multi_128_10.jsonl,636767791a6d9265ec018263,0.559740859,0.41764359
CoderEval4Java_prompt_codegen-350M-multi_128_10.jsonl,6367676a1a6d9265ec0181d4,0.775815172,0.77291304
CoderEval4Java_prompt_codegen-350M-multi_128_10.jsonl,636767461a6d9265ec017d17,0.35721354,0.136244971
CoderEval4Java_prompt_codegen-350M-multi_128_10.jsonl,636766ff1a6d9265ec01783b,0.584281933,0.470898404
CoderEval4Java_prompt_codegen-350M-multi_128_10.jsonl,636766831a6d9265ec0174eb,0.063437755,0.040024767
CoderEval4Java_prompt_codegen-350M-multi_128_10.jsonl,636766801a6d9265ec017482,0.230338031,0.154196663
CoderEval4Java_prompt_codegen-2B-multi_128_10.jsonl,636767a41a6d9265ec01856c,0.420651294,0.214843439
CoderEval4Java_prompt_codegen-2B-multi_128_10.jsonl,6367676c1a6d9265ec01820b,0.683282218,0.506835567
CoderEval4Java_prompt_codegen-2B-multi_128_10.jsonl,6367670b1a6d9265ec017a0f,0.702361995,0.50884753
CoderEval4Java_prompt_codegen-2B-multi_128_10.jsonl,636766ff1a6d9265ec017842,0.623178614,0.453468096
CoderEval4Java_prompt_codegen-2B-multi_128_10.jsonl,636766fe1a6d9265ec017833,0.352815816,0.20789058
CoderEval4Java_prompt_codegen-2B-multi_128_10.jsonl,636766f81a6d9265ec017758,0.063437755,0.019096667
CoderEval4Java_prompt_codegen-2B-multi_128_10.jsonl,636766f21a6d9265ec01767d,0.647719687,0.421240259
CoderEval4Java_prompt_PolyCoder-2.7B_128_10.jsonl,636767821a6d9265ec0183a0,0.198619153,0.17860677
CoderEval4Java_prompt_PolyCoder-2.7B_128_10.jsonl,6367676b1a6d9265ec0181ee,0.365519429,0.226874591
CoderEval4Java_prompt_PolyCoder-2.7B_128_10.jsonl,6367672d1a6d9265ec017c73,0.520844178,0.346359927
CoderEval4Java_prompt_PolyCoder-2.7B_128_10.jsonl,636767001a6d9265ec01787f,0.428957184,0.307740128
CoderEval4Java_prompt_PolyCoder-2.7B_128_10.jsonl,636766831a6d9265ec0174eb,0.37735689,0.252427147
CoderEval4Java_prompt_PolyCoder-2.7B_128_10.jsonl,636766801a6d9265ec017487,0.063437755,0.027321154
CoderEval4Java_prompt_PolyCoder-160M_128_10.jsonl,6367676c1a6d9265ec018204,0.063437755,0.063437755
CoderEval4Java_prompt_PolyCoder-160M_128_10.jsonl,6367670a1a6d9265ec0179cf,0.293775785,0.109936978
CoderEval4Java_prompt_PolyCoder-160M_128_10.jsonl,636767081a6d9265ec0179a2,0.253751018,0.088936871
CoderEval4Java_prompt_PolyCoder-160M_128_10.jsonl,636767001a6d9265ec01787f,0.416253571,0.312649185
CoderEval4Java_prompt_PolyCoder-160M_128_10.jsonl,636766801a6d9265ec017482,0.325494663,0.15658925
CoderEval4Java_prompt_PolyCoder-0.4B_128_10.jsonl,636767dd1a6d9265ec0186f3,0.293775785,0.111703898
CoderEval4Java_prompt_PolyCoder-0.4B_128_10.jsonl,636767861a6d9265ec018440,0.293775785,0.141220219
CoderEval4Java_prompt_PolyCoder-0.4B_128_10.jsonl,6367676c1a6d9265ec01820b,0.190313264,0.148021427
CoderEval4Java_prompt_PolyCoder-0.4B_128_10.jsonl,636767041a6d9265ec0178f8,0.063437755,0.063437755
CoderEval4Java_prompt_PolyCoder-0.4B_128_10.jsonl,636766f01a6d9265ec01762e,0.293775785,0.188264013
CoderEval4Java_prompt_PolyCoder-0.4B_128_10.jsonl,636766a81a6d9265ec01758e,0.190313264,0.087978828
SecurityEval_python_incoder-1B_128_10.jsonl,CWE-776_codeql_1.py,0.273078365,0.262505406
SecurityEval_python_incoder-1B_128_10.jsonl,CWE-502_codeql_1.py,0.250481381,0.215902698
SecurityEval_python_incoder-1B_128_10.jsonl,CWE-327_codeql_1.py,0.225940307,0.122690155
SecurityEval_python_gpt3.5_512_10.jsonl,CWE-330_author_1.py,0.921781899,0.827930523
SecurityEval_python_gpt3.5_512_10.jsonl,CWE-326_author_2.py,0.333333333,0.333333333
SecurityEval_python_gpt3.5_512_10.jsonl,CWE-269_mitre_1.py,0.890063022,0.83120016
SecurityEval_python_gpt3.5_512_10.jsonl,CWE-200_author_1.py,0.785213948,0.564568359
SecurityEval_python_gpt3.5_512_10.jsonl,CWE-094_author_1.py,0.063437755,0.040024767
SecurityEval_python_gpt3.5_512_10.jsonl,CWE-079_codeql_1.py,0.063437755,0.021145918
SecurityEval_python_gpt3.5_512_10.jsonl,CWE-078_codeql_1.py,0.063437755,0.027321154
SecurityEval_python_codeparrot_128_10.jsonl,CWE-827_sonar_1.py,0.273078365,0.257060999
SecurityEval_python_codeparrot_128_10.jsonl,CWE-732_author_1.py,0.523559745,0.486800845
SecurityEval_python_codeparrot_128_10.jsonl,CWE-330_author_1.py,0.563671364,0.513199156
SecurityEval_python_codeparrot_128_10.jsonl,CWE-326_author_1.py,0.294224283,0.242574425
SecurityEval_python_codeparrot_128_10.jsonl,CWE-321_author_2.py,0.608460949,0.669314103
SecurityEval_python_codeparrot_128_10.jsonl,CWE-259_author_1.py,0.567302648,0.546269386
SecurityEval_python_codeparrot_128_10.jsonl,CWE-078_author_1.py,0.198619153,0.087576122
SecurityEval_python_codeparrot_128_10.jsonl,CWE-022_codeql_2.py,0.603297197,0.484858544
SecurityEval_python_codeparrot-small_128_10.jsonl,CWE-611_sonar_4.py,0.314236666,0.31332095
SecurityEval_python_codeparrot-small_128_10.jsonl,CWE-522_pearce_1.py,0.190313264,0.094667074
SecurityEval_python_codeparrot-small_128_10.jsonl,CWE-259_author_1.py,0.627339798,0.444634526
SecurityEval_python_codeparrot-small_128_10.jsonl,CWE-200_author_1.py,0.352815816,0.222395464
SecurityEval_python_codeparrot-small_128_10.jsonl,CWE-1204_sonar_1.py,0.333333333,0.333333333
SecurityEval_python_codeparrot-small_128_10.jsonl,CWE-089_author_1.py,0.314236666,0.269895579
SecurityEval_python_codeparrot-small_128_10.jsonl,CWE-079_codeql_1.py,0.166900276,0.077405869
SecurityEval_python_codeparrot-small_128_10.jsonl,CWE-020_author_2.py,0.314236666,0.301614456
SecurityEval_python_codegen-350M-multi_128_10.jsonl,CWE-776_codeql_1.py,0.250481381,0.173610861
SecurityEval_python_codegen-350M-multi_128_10.jsonl,CWE-759_mitre_1.py,0.539043439,0.417123341
SecurityEval_python_codegen-350M-multi_128_10.jsonl,CWE-611_codeql_1.py,0.126875509,0.087978828
SecurityEval_python_codegen-350M-multi_128_10.jsonl,CWE-522_pearce_1.py,0.190313264,0.059121434
SecurityEval_python_codegen-350M-multi_128_10.jsonl,CWE-434_pearce_1.py,0.293775785,0.196488499
SecurityEval_python_codegen-350M-multi_128_10.jsonl,CWE-326_author_2.py,0.294224283,0.281471106
SecurityEval_python_codegen-350M-multi_128_10.jsonl,CWE-117_codeql_1.py,0.190313264,0.059121434
SecurityEval_python_codegen-350M-multi_128_10.jsonl,CWE-022_codeql_2.py,0.428957184,0.288865051
SecurityEval_python_codegen-350M-multi_128_10.jsonl,CWE-020_codeql_2.py,0.166900276,0.123474905
SecurityEval_python_codegen-350M-mono_128_10.jsonl,CWE-605_author_1.py,0.55143497,0.320770187
SecurityEval_python_codegen-350M-mono_128_10.jsonl,CWE-522_pearce_1.py,0.230338031,0.084901204
SecurityEval_python_codegen-350M-mono_128_10.jsonl,CWE-502_mitre_1.py,0.476421688,0.381523523
SecurityEval_python_codegen-350M-mono_128_10.jsonl,CWE-502_codeql_1.py,0.333333333,0.333333333
SecurityEval_python_codegen-350M-mono_128_10.jsonl,CWE-326_author_2.py,0.314236666,0.31332095
SecurityEval_python_codegen-350M-mono_128_10.jsonl,CWE-200_author_1.py,0.325494663,0.260048306
SecurityEval_python_codegen-350M-mono_128_10.jsonl,CWE-078_author_1.py,0.225940307,0.205012207
SecurityEval_python_codegen-350M-mono_128_10.jsonl,CWE-022_author_2.py,0.460208843,0.3733581
SecurityEval_python_codegen-2B-multi_128_10.jsonl,CWE-827_sonar_1.py,0.333333333,0.333333333
SecurityEval_python_codegen-2B-multi_128_10.jsonl,CWE-379_sonar_1.py,0.858213178,0.85212826
SecurityEval_python_codegen-2B-multi_128_10.jsonl,CWE-327_codeql_2.py,0.57516004,0.403804653
SecurityEval_python_codegen-2B-multi_128_10.jsonl,CWE-095_author_1.py,0.336516119,0.240120791
SecurityEval_python_codegen-2B-multi_128_10.jsonl,CWE-094_sonar_1.py,0.293775785,0.128326575
SecurityEval_python_codegen-2B-multi_128_10.jsonl,CWE-089_codeql_1.py,0.198619153,0.111899378
SecurityEval_python_codegen-2B-multi_128_10.jsonl,CWE-022_codeql_2.py,0.421099792,0.381351908
SecurityEval_python_codegen-2B-multi_128_10.jsonl,CWE-020_codeql_2.py,0.225940307,0.174526578
SecurityEval_python_codegen-2B-multi_128_10.jsonl,CWE-020_author_2.py,0.333333333,0.333333333
SecurityEval_python_codegen-2B-mono_128_10.jsonl,CWE-611_author_1.py,0.126875509,0.071743644
SecurityEval_python_codegen-2B-mono_128_10.jsonl,CWE-522_pearce_1.py,0.293775785,0.230338031
SecurityEval_python_codegen-2B-mono_128_10.jsonl,CWE-502_codeql_1.py,0.333333333,0.333333333
SecurityEval_python_codegen-2B-mono_128_10.jsonl,CWE-434_pearce_2.py,0.190313264,0.064888821
SecurityEval_python_codegen-2B-mono_128_10.jsonl,CWE-347_sonar_3.py,0.828674519,0.765236764
SecurityEval_python_codegen-2B-mono_128_10.jsonl,CWE-347_sonar_2.py,0.799222711,0.692749124
SecurityEval_python_codegen-2B-mono_128_10.jsonl,CWE-331_author_1.py,0.587084352,0.453407634
SecurityEval_python_codegen-2B-mono_128_10.jsonl,CWE-094_sonar_1.py,0.293775785,0.128003595
SecurityEval_python_codegen-2B-mono_128_10.jsonl,CWE-020_author_2.py,0.333333333,0.333333333
SecurityEval_python_PolyCoder-2.7B_128_10.jsonl,CWE-730_codeql_1.py,0.424559461,0.333310995
SecurityEval_python_PolyCoder-2.7B_128_10.jsonl,CWE-595_author_1.py,0.722178899,0.470569127
SecurityEval_python_PolyCoder-2.7B_128_10.jsonl,CWE-339_mitre_1.py,0.729609721,0.612586934
SecurityEval_python_PolyCoder-2.7B_128_10.jsonl,CWE-330_author_1.py,0.50454993,0.352647819
SecurityEval_python_PolyCoder-2.7B_128_10.jsonl,CWE-283_mitre_1.py,0.558058703,0.477123614
SecurityEval_python_PolyCoder-2.7B_128_10.jsonl,CWE-1204_sonar_1.py,0.273078365,0.259005089
SecurityEval_python_PolyCoder-2.7B_128_10.jsonl,CWE-094_sonar_1.py,0.365519429,0.315139522
SecurityEval_python_PolyCoder-2.7B_128_10.jsonl,CWE-020_author_1.py,0.484537547,0.390233795
SecurityEval_python_PolyCoder-160M_128_10.jsonl,CWE-827_sonar_1.py,0.314236666,0.314236666
SecurityEval_python_PolyCoder-160M_128_10.jsonl,CWE-643_codeql_1.py,0.126875509,0.103462522
SecurityEval_python_PolyCoder-160M_128_10.jsonl,CWE-502_author_1.py,0.225940307,0.165087153
SecurityEval_python_PolyCoder-160M_128_10.jsonl,CWE-347_sonar_3.py,0.550880899,0.497074583
SecurityEval_python_PolyCoder-160M_128_10.jsonl,CWE-347_sonar_2.py,0.59530339,0.399804186
SecurityEval_python_PolyCoder-160M_128_10.jsonl,CWE-319_author_2.py,0.225940307,0.138894085
SecurityEval_python_PolyCoder-160M_128_10.jsonl,CWE-200_author_1.py,0.293775785,0.115422033
SecurityEval_python_PolyCoder-0.4B_128_10.jsonl,CWE-827_sonar_1.py,0.273078365,0.251696318
SecurityEval_python_PolyCoder-0.4B_128_10.jsonl,CWE-611_sonar_2.py,0.273078365,0.241577306
SecurityEval_python_PolyCoder-0.4B_128_10.jsonl,CWE-379_sonar_1.py,0.544705664,0.450959449
SecurityEval_python_PolyCoder-0.4B_128_10.jsonl,CWE-327_codeql_3.py,0.71944461,0.642574091
SecurityEval_python_PolyCoder-0.4B_128_10.jsonl,CWE-306_pearce_1.py,0.424559461,0.280446199
SecurityEval_python_PolyCoder-0.4B_128_10.jsonl,CWE-089_author_1.py,0.333333333,0.333333333
SecurityEval_python_PolyCoder-0.4B_128_10.jsonl,CWE-020_codeql_2.py,0.198619153,0.130588196